pkUnidade;Unidade
1;AGP
2;AGP/AA
3;AGP/CP/PROJ-REV-AB
4;AGP/CP/PROJ-REV-MRL-II
5;AGP/PAI/DWST/ENG
6;AGUP
7;AGUP/CP/PROJ-ECO
8;AGUP/GCP
9;AGUP/GCP/ICPROD
10;AGUP/OII/PLC
11;AGUP/OII/PRC
12;AGUP/RES-EE
13;AGUP/RES-EE/EESP
14;AGUP/RES-EE/RES-CO
15;AGUP/RES-EE/RES-CON
16;AGUP/RES-EE/RES-CTPP
17;APD
18;AUDITORIA
19;AUDITORIA/ANEG/ADPT
20;AUDITORIA/ASEF
21;C.A.
22;C.F.
23;CEDIDOS
24;CENPES
25;CENPES/GTEC/GPPT
26;CENPES/GTEC/PIMN
27;CENPES/GTEC/RCT
28;CENPES/PDDP
29;CENPES/PDDP/FCE
30;CENPES/PDDP/TEO
31;CENPES/PDDP/TES
32;CENPES/PDDP/TFCM-SEQUI
33;CENPES/PDDP/TFCM-SEQUI/NCP
34;CENPES/PDDP/TFCM-SEQUI/NFE
35;CENPES/PDDP/TPP
36;CENPES/PDDP/TPP/PEP
37;CENPES/PDEP
38;CENPES/PDEP/BPA
39;CENPES/PDEP/CRF
40;CENPES/PDEP/ER
41;CENPES/PDEP/GEOQ
42;CENPES/PDEP/GEOTEC
43;CENPES/PDEP/GGGR
44;CENPES/PDEP/GSE
45;CENPES/PDEP/IRPS
46;CENPES/PDEP/TEE
47;CENPES/PDISO/AER
48;CENPES/PDISO/AP
49;CENPES/PDISO/BIO
50;CENPES/PDISO/LO
51;CENPES/PDISO/MA
52;CENPES/PDISO/QM
53;CENPES/PDISO/TMC
54;CENPES/PDISO/TME
55;CENPES/PDRGN
56;CENPES/PDRGN/DPM
57;CENPES/PDRGN/EE
58;CENPES/PDRGN/GNPF
59;CENPES/PDRGN/HPE
60;CENPES/PDRGN/PP
61;CENPES/PDRGN/PROD
62;CENPES/PDRGN/TFCC
63;CENPES/SMS
64;COM
65;COM/AIR
66;COM/AIR/BC
67;COM/AIR/NE
68;COM/AIR/NNE
69;COM/AIR/RJMGES
70;COM/AIR/SEDE
71;COM/AIR/SPS
72;COM/CIIM/CI
73;COM/CIIM/CONT
74;COM/CIIM/IM
75;COM/MPM
76;COM/MPM/MA
77;COM/MPM/MI
78;COM/MPM/PB
79;COM/MPM/PD
80;COM/PP
81;COM/RCEP
82;COM/RCEP/EP
83;COM/RCEP/PAT
84;COM/RCEP/PRC
85;COM/RCEP/RC
86;COM/RINP/RIN
87;COMPARTILHADO/CRS-BCBS
88;COMPARTILHADO/CRS-BCBS/NS-BS
89;COMPARTILHADO/CRS-BCBS/NS-BS/AS-SA
90;COMPARTILHADO/CRS-BCBS/NSBC
91;COMPARTILHADO/CRS-BCBS/NSBC/IMBO
92;COMPARTILHADO/CRS-BCBS/NSES
93;COMPARTILHADO/CRS-BCBS/NSES/AS-EDIVIT
94;COMPARTILHADO/CRS-BCBS/PGAC
95;COMPARTILHADO/CRS-BCBS/SOM
96;COMPARTILHADO/CRS-BCBS/SSMS
97;COMPARTILHADO/CRS-BCBS/SSMS/SSMS-BS
98;COMPARTILHADO/CRS-BCBS/SSMS/SSMS-ES
99;COMPARTILHADO/CRS-BCBS/SSMS/SSMS-MC
100;COMPARTILHADO/CRS-NNE
101;COMPARTILHADO/CRS-NNE/NS-BAP
102;COMPARTILHADO/CRS-NNE/NS-BAP/AS-BA
103;COMPARTILHADO/CRS-NNE/NS-RNCE/ASMOS
104;COMPARTILHADO/CRS-NNE/NS-SAPP/AS-SEAL
105;COMPARTILHADO/CRS-NNE/PGAC
106;COMPARTILHADO/CRS-NNE/SOM
107;COMPARTILHADO/CRS-NNE/SSMS
108;COMPARTILHADO/CRS-NNE/SSMS/SSMS-BAP
109;COMPARTILHADO/CRS-NNE/SSMS/SSMS-RNCE
110;COMPARTILHADO/CRS-NNE/SSMS/SSMS-SEALPP
111;COMPARTILHADO/CRS-SSE
112;COMPARTILHADO/CRS-SSE/NS-SPS
113;COMPARTILHADO/CRS-SSE/NS-SPS/AS-RSPRSC
114;COMPARTILHADO/CRS-SSE/NS-SPS/AS-SPMG
115;COMPARTILHADO/CRS-SSE/NSBG/AS-BG
116;COMPARTILHADO/CRS-SSE/NSRJ
117;COMPARTILHADO/CRS-SSE/NSRJ/AS-BRA
118;COMPARTILHADO/CRS-SSE/PGAC
119;COMPARTILHADO/CRS-SSE/SOM
120;COMPARTILHADO/CRS-SSE/SSMS/SSMS-SPS
121;COMPARTILHADO/CRS-SSE/SSMS/SSO
122;COMPARTILHADO/CSS/PGAC
123;COMPARTILHADO/CSS/POPV/PCO
124;COMPARTILHADO/CSS/POPV/PO
125;COMPARTILHADO/CSS/POPV/SEPAV
126;COMPARTILHADO/CSS/SAIO
127;COMPARTILHADO/CSS/SAIO/AERO
128;COMPARTILHADO/CSS/SAIO/AS-ARM
129;COMPARTILHADO/CSS/SAIO/STEC
130;COMPARTILHADO/CSS/SAO
131;COMPARTILHADO/CSS/SAO/AELF
132;COMPARTILHADO/CSS/SAO/AO-ES
133;COMPARTILHADO/CSS/SAO/AO-NNE
134;COMPARTILHADO/CSS/SAO/AO-SP
135;COMPARTILHADO/CSS/SOST/SAPL
136;COMPARTILHADO/CST
137;COMPARTILHADO/CST/PGAC
138;COMPARTILHADO/CST/SID
139;COMPARTILHADO/CST/SID/DTL-AP
140;COMPARTILHADO/CST/SID/DTL-EMP
141;COMPARTILHADO/CST/SID/DTL-FIN
142;COMPARTILHADO/CST/SID/DTL-GC
143;COMPARTILHADO/CST/SLOG
144;COMPARTILHADO/CST/SLOG/SAVH
145;COMPARTILHADO/CST/SLOG/SL-NNE
146;COMPARTILHADO/CST/SLOG/SL-SEE
147;COMPARTILHADO/CST/SLOG/SL-SPS
148;COMPARTILHADO/CST/SLOG/STM
149;COMPARTILHADO/CST/SPI
150;COMPARTILHADO/CST/SPI/SCPI
151;COMPARTILHADO/CST/SPI/SIPI
152;COMPARTILHADO/CST/SPI/SRPI
153;COMPARTILHADO/IMS
154;COMPARTILHADO/IMS/GP
155;COMPARTILHADO/IMS/RC
156;COMPARTILHADO/IMS/SSMS
157;COMPARTILHADO/RBC/NSES/SMA
158;COMPARTILHADO/RBC/NSES/SSES
159;CONF
160;CONF/CI/ADAC
161;CONF/CI/ADEPD
162;CONF/GIC
163;CONF/GIC/CDPT
164;CONF/GIC/CESR
165;CONF/GIC/CFINRI
166;CONF/GIC/CPRES
167;CONF/GIC/CRGN
168;CONF/IE
169;CONTRIB
170;CONTRIB/ATN/NOTD
171;CONTRIB/ATN/OCBS
172;CONTRIB/ATN/RGN
173;CONTRIB/CPCT
174;CONTRIB/GECONP/CPCOM/CP
175;CONTRIB/GECONP/CUSTOS
176;CONTRIB/GECONP/CUSTOS/APROP
177;CONTRIB/GECONP/CUSTOS/CQUAL
178;CONTRIB/GECONP/CUSTOS/MDMC
179;CONTRIB/GECONP/GAC
180;CONTRIB/GECONP/GEPAR/CONEXP
181;CONTRIB/GECONP/GEPAR/CPROF
182;CONTRIB/GECONP/GEPAT/CAEP
183;CONTRIB/GECONS/CONSOL
184;CONTRIB/GECONS/PAIS
185;CONTRIB/PLACON/NC
186;CONTRIB/PLACON/OC
187;CONTRIB/RET
188;CONTRIB/RET/IITC
189;CONTRIB/RET/IITC/CTE
190;CONTRIB/RET/IITC/CTFM
191;CONTRIB/RET/IITC/ITT
192;CONTRIB/RET/NNE
193;CONTRIB/RET/QIPT
194;CONTRIB/RET/REF
195;CONTRIB/RET/SSCO
196;CONTRIB/RET/TE
197;CONTRIB/RET/TE/ENT-MG-CO-NNE
198;CONTRIB/RET/TE/ENT-SSE
199;CONTRIB/RET/TE/OBRIG-EST
200;CONTRIB/RET/TE/SAIDAS
201;CONTRIB/RET/TIFMPG
202;CONTRIB/RET/TIFMPG/FRM-TRAB-PREV
203;CONTRIB/RET/TIFMPG/RES
204;CONTRIB/RET/TIFMPG/TRIB-INTER
205;CONTROLADORIA/AMI
206;CONTROLADORIA/DN
207;CONTROLADORIA/DN/AEGV
208;CONTROLADORIA/FC
209;CONTROLADORIA/GO/GE&P
210;CONTROLADORIA/POPCP/PAN
211;DAGC
212;DDP&T
213;DE&P
214;DEORG
215;DFINRI
216;DGC
217;DRGN
218;E&P-SERV/US-EQSB/DISP
219;EB
220;EB/EXEC
221;EB/LEGIS
222;EB/OFC
223;ENERGIA
224;ENERGIA/CEN
225;ENERGIA/PPO
226;ENERGIA/SGO
227;ENERGIA/SOAE
228;ENERGIA/SOAE/ECON
229;ENERGIA/SOAE/MAE
230;ENERGIA/SOAE/PPR
231;ENERGIA/SOAE/STM
232;ENERGIA/SOAE/STM/OTM
233;ENERGIA/SOAE/UT-ITB
234;ENERGIA/UO-TERM
235;ENERGIA/UO-TERM/ACLE
236;ENERGIA/UO-TERM/EO
237;ENERGIA/UO-TERM/IADM
238;ENERGIA/UO-TERM/IADM/REG-BA
239;ENERGIA/UO-TERM/IADM/REG-N-NE
240;ENERGIA/UO-TERM/IADM/REG-RJ-MG
241;ENERGIA/UO-TERM/IADM/REG-SP-S-CO
242;ENERGIA/UO-TERM/SMS
243;ENERGIA/UO-TERM/SMS/REG-BA
244;ENERGIA/UO-TERM/SMS/REG-N-NE
245;ENERGIA/UO-TERM/SMS/REG-RJ-MG
246;ENERGIA/UO-TERM/SMS/REG-SP-S-CO
247;ENERGIA/UO-TERM/UTE-ABP-BI-MCY
248;ENERGIA/UO-TERM/UTE-ABP-BI-MCY/OM-ABP
249;ENERGIA/UO-TERM/UTE-ABP-BI-MCY/OM-BI
250;ENERGIA/UO-TERM/UTE-ABP-BI-MCY/OM-MCY
251;ENERGIA/UO-TERM/UTE-ACH
252;ENERGIA/UO-TERM/UTE-ACH/MAN
253;ENERGIA/UO-TERM/UTE-ACH/OP
254;ENERGIA/UO-TERM/UTE-BLS-BF
255;ENERGIA/UO-TERM/UTE-BLS-BF/MAN
256;ENERGIA/UO-TERM/UTE-BLS-BF/OP
257;ENERGIA/UO-TERM/UTE-BRT
258;ENERGIA/UO-TERM/UTE-BRT/OM-JRQ
259;ENERGIA/UO-TERM/UTE-BRT/OM-TBQ
260;ENERGIA/UO-TERM/UTE-CF
261;ENERGIA/UO-TERM/UTE-CF/MAN
262;ENERGIA/UO-TERM/UTE-CF/OP
263;ENERGIA/UO-TERM/UTE-EZR
264;ENERGIA/UO-TERM/UTE-EZR/MAN
265;ENERGIA/UO-TERM/UTE-EZR/OP
266;ENERGIA/UO-TERM/UTE-FEG
267;ENERGIA/UO-TERM/UTE-FEG/MAN
268;ENERGIA/UO-TERM/UTE-FEG/OP
269;ENERGIA/UO-TERM/UTE-GLB
270;ENERGIA/UO-TERM/UTE-GLB/MAN
271;ENERGIA/UO-TERM/UTE-GLB/OP
272;ENERGIA/UO-TERM/UTE-JF
273;ENERGIA/UO-TERM/UTE-JF/OP
274;ENERGIA/UO-TERM/UTE-JSP
275;ENERGIA/UO-TERM/UTE-JSP/MAN
276;ENERGIA/UO-TERM/UTE-JSP/OP
277;ENERGIA/UO-TERM/UTE-LCP
278;ENERGIA/UO-TERM/UTE-LCP/MAN
279;ENERGIA/UO-TERM/UTE-LCP/OP
280;ENERGIA/UO-TERM/UTE-MLG
281;ENERGIA/UO-TERM/UTE-MLG/MAN
282;ENERGIA/UO-TERM/UTE-MLG/OP
283;ENERGIA/UO-TERM/UTE-RA
284;ENERGIA/UO-TERM/UTE-RA/MAN
285;ENERGIA/UO-TERM/UTE-RA/OP
286;ENERGIA/UO-TERM/UTE-ST
287;ENERGIA/UO-TERM/UTE-ST/MAN
288;ENERGIA/UO-TERM/UTE-ST/OP
289;ENERGIA/UO-TERM/UTE-TCE
290;ENERGIA/UO-TERM/UTE-TCE/MAN
291;ENERGIA/UO-TERM/UTE-TCE/OP
292;ESTRATEGIA
293;ESTRATEGIA/AE
294;ESTRATEGIA/AE/PE
295;ESTRATEGIA/AE/PNG
296;ESTRATEGIA/DO/PAC
297;ESTRATEGIA/EMN
298;ESTRATEGIA/GP
299;ESTRATEGIA/GP/EP
300;ESTRATEGIA/GP/OMP
301;EXP/AEXP-M
302;EXP/AEXP-M/AP
303;EXP/AEXP-M/MEQ
304;EXP/AEXP-M/ML
305;EXP/AEXP-M/MS
306;EXP/AEXP-M/OEXP-M-AGP
307;EXP/AEXP-M/OEXP-M-AGP/GEOF
308;EXP/AEXP-M/OEXP-M-AGP/GEOP
309;EXP/AEXP-M/OEXP-M-AGP/LAB
310;EXP/AEXP-M/OEXP-M-AGUP
311;EXP/AEXP-M/OEXP-M-AGUP/GEOP
312;EXP/AEXP-M/OEXP-M-AGUP/LAB
313;EXP/AEXP-M/OP
314;EXP/AEXP-T
315;EXP/AEXP-T/BR
316;EXP/AEXP-T/OEXP-T
317;EXP/AEXP-T/OEXP-T/EXP-AM
318;EXP/AEXP-T/OEXP-T/EXP-BA
319;EXP/AEXP-T/OEXP-T/EXP-RNCE
320;EXP/AEXP-T/OEXP-T/EXP-SEAL
321;EXP/AEXP-T/OP
322;EXP/GEOF
323;EXP/GEOF/AG
324;EXP/GEOF/AG/OGT
325;EXP/GEOF/GDSI
326;EXP/GEOF/IAG
327;EXP/GEOF/MNS
328;EXP/GEOF/PG
329;EXP/GEOF/TG
330;EXP/GEOP
331;EXP/GEOP/AEG
332;EXP/GEOP/AES
333;EXP/GEOP/AFIRF
334;EXP/GEOP/AQG
335;EXP/GEOP/GDG
336;EXP/GEOP/MSP
337;EXP/GEOP/TGEO
338;EXP/IRGE/GE
339;EXP/IRGE/IRB-B
340;EXP/IRGE/OPP/PC
341;EXP/SMSO
342;FAFEN-BA
343;FAFEN-BA/ESTO
344;FAFEN-BA/IE
345;FAFEN-BA/MA/EED
346;FAFEN-BA/MA/EI
347;FAFEN-BA/OP
348;FAFEN-BA/OP/AU
349;FAFEN-BA/OP/TEU
350;FAFEN-BA/SMS
351;FAFEN-PR
352;FAFEN-SE
353;FAFEN-SE/ESTO/OAOQ
354;FAFEN-SE/MA/EED
355;FAFEN-SE/OP
356;FAFEN-SE/SMS
357;FINANCAS
358;FINANCAS/CRP
359;FINANCAS/CRP/ADNS
360;FINANCAS/CRP/CPAG
361;FINANCAS/CRP/CREC
362;FINANCAS/CSB
363;FINANCAS/CSB/GFB
364;FINANCAS/CSB/SE
365;FINANCAS/GCAIXA
366;FINANCAS/GCAIXA/GFE
367;FINANCAS/GEF
368;FINANCAS/GEF/FBG
369;FINANCAS/GEF/FEAC
370;FINANCAS/GEF/MCCD
371;FINANCAS/OPT
372;GAPRE
373;GAPRE/CERIMONIAL
374;GAPRE/GDEOC
375;GAPRE/GSPD
376;GAPRE/GSPD/AA
377;GAPRE/GSPD/GDOC
378;GAPRE/GSPD/SC
379;GAS/COM
380;GAS/COM/CGNL
381;GAS/COM/VMNT
382;GAS/COM/VMT
383;GAS/EFO
384;GAS/OLGN/CSC
385;GAS/OLGN/FAP
386;GAS/OLGN/REGAS
387;GAS/SGO
388;GAS/UO-APGN
389;GAS/UO-APGN/APCAB/ISUP
390;GAS/UO-APGN/APCAB/MI
391;GAS/UO-APGN/APCAB/OP-UTGCAB
392;GAS/UO-APGN/APCAB/SMS
393;GAS/UO-APGN/APES
394;GAS/UO-APGN/APES/ISUP
395;GAS/UO-APGN/APES/MI
396;GAS/UO-APGN/APES/OP-UTGC
397;GAS/UO-APGN/APES/OP-UTGSUL
398;GAS/UO-APGN/APES/PSO
399;GAS/UO-APGN/APES/SMS
400;GAS/UO-APGN/APITB
401;GAS/UO-APGN/APITB/MI
402;GAS/UO-APGN/APITB/OP-UTGITABORAI
403;GAS/UO-APGN/APITB/PSO
404;GAS/UO-APGN/APITB/SMS
405;GAS/UO-APGN/APSP
406;GAS/UO-APGN/APSP/ISUP
407;GAS/UO-APGN/APSP/MI
408;GAS/UO-APGN/APSP/OP-UTGCA
409;GAS/UO-APGN/APSP/PSO
410;GAS/UO-APGN/APSP/SMS
411;GAS/UO-APGN/ENGP
412;GAS/UO-APGN/ENGP/IE-APCAB
413;GAS/UO-APGN/ENGP/IE-APES
414;GAS/UO-APGN/ENGP/IE-APSP
415;GAS/UO-APGN/MA
416;GAS/UO-APGN/PG
417;GE-LPGN/UO-APGN/APSP/MI
418;GIA-E&P
419;GIA-E&P/GC
420;GIA-E&P/GCP
421;GIA-E&P/GCP/CRA
422;GIA-E&P/GCP/DP
423;GIA-E&P/PBLOG-II
424;GIA-E&P/PCO/CC
425;GIA-E&P/PCO/CPOG
426;GIA-E&P/PCO/DO
427;GIA-RGN
428;GIA-RGN/ANSA-I
429;GIA-RGN/ANSA-II
430;GIA-RGN/ARX
431;GIA-RGN/CBRT-I
432;GIA-RGN/CBRT-II
433;GIA-RGN/CTAG-III
434;GIA-RGN/GAPO
435;GIA-RGN/IRGN/ANVIA
436;GIA-RGN/IRGN/APT
437;GIA-RGN/IRGN/GCP
438;GIA-RGN/IRGN/OPP
439;GIA-RGN/IRGN/ORC
440;GIA-RGN/PGE
441;GIA-RGN/PGE/CBREN
442;GIA-RGN/PGE/CGNL
443;GIA-RGN/PGE/PDGQ
444;GIA-RGN/PILC/PPB
445;GOVERNANCA
446;GOVERNANCA/ADE
447;GOVERNANCA/GOVCORP
448;GOVERNANCA/GOVSOC
449;GOVERNANCA/GOVSOC/EV
450;INDUSTRIAL
451;INDUSTRIAL/EO
452;INDUSTRIAL/EO/CFSO
453;INDUSTRIAL/EO/OHRL
454;INDUSTRIAL/EO/OPCR
455;INDUSTRIAL/EO/OPF
456;INDUSTRIAL/EO/OPGQ
457;INDUSTRIAL/EO/OT
458;INDUSTRIAL/EO/OTE
459;INDUSTRIAL/EO/OUTA
460;INDUSTRIAL/EO/PP
461;INDUSTRIAL/PE
462;INDUSTRIAL/PE/ED
463;INDUSTRIAL/PE/EP
464;INDUSTRIAL/PE/EU
465;INDUSTRIAL/PE/GD
466;INDUSTRIAL/PE/GM
467;INDUSTRIAL/PE/IE
468;INDUSTRIAL/PE/IEE
469;INDUSTRIAL/PE/INF
470;INDUSTRIAL/PE/PRPGQ
471;INVESTIDORES
472;INVESTIDORES/AO
473;INVESTIDORES/DM
474;INVESTIDORES/ESNOR
475;INVESTIDORES/II
476;INVESTIDORES/IN
477;ISC/CPS
478;ISC/INTL
479;ISC/INTL/MAPS
480;ISC/INTL/PE
481;ISC/INTL/SIA
482;ISC/OSC
483;ISC/OSC/SCLECO
484;ISC/OSC/SCLECO/SCBSB
485;ISC/OSC/SCLECO/SCES
486;ISC/OSC/SCLECO/SCMG
487;ISC/OSC/SCLECO/SCNF
488;ISC/OSC/SCNE-I
489;ISC/OSC/SCNE-I/SCBA
490;ISC/OSC/SCNE-I/SCPE
491;ISC/OSC/SCNE-I/SCSE
492;ISC/OSC/SCNNE-II
493;ISC/OSC/SCNNE-II/SCAM
494;ISC/OSC/SCNNE-II/SCCE
495;ISC/OSC/SCNNE-II/SCRN
496;ISC/OSC/SCRIO
497;ISC/OSC/SCSPSUL
498;ISC/OSC/SCSPSUL/SCLP
499;ISC/OSC/SCSPSUL/SCPRSC
500;ISC/OSC/SCSPSUL/SCRS
501;ISC/OSC/SCSPSUL/SCSP
502;JURIDICO
503;JURIDICO/GG-AT/DP
504;JURIDICO/GG-AT/JAD
505;JURIDICO/GG-AT/JAPS
506;JURIDICO/GG-AT/JEP
507;JURIDICO/GG-AT/JGSRC
508;JURIDICO/GG-AT/JRGN
509;JURIDICO/GG-MAT/AC/SC-BSB
510;JURIDICO/GG-MAT/AC/SR-BC-ES
511;JURIDICO/GG-MAT/AC/SR-RN-CE
512;JURIDICO/GG-MAT/AC/SR-SPS
513;JURIDICO/GG-MAT/GEJ
514;JURIDICO/GG-MAT/GEJ/GEJ-RJ-MG-ES
515;JURIDICO/GG-MAT/JAMB/CAMB-SMES
516;JURIDICO/GG-MAT/JAMB/DAMB-NNE
517;JURIDICO/GG-MAT/JAMB/DAMB-SPS
518;JURIDICO/GG-MAT/JCIVEL
519;JURIDICO/GG-MAT/JCIVEL/CEC
520;JURIDICO/GG-MAT/JCIVEL/CIC
521;JURIDICO/GG-MAT/JCIVEL/CRA
522;JURIDICO/GG-MAT/JCIVEL/DC-RN-CE
523;JURIDICO/GG-MAT/JTRAB
524;JURIDICO/GG-MAT/JTRAB/CEAC
525;JURIDICO/GG-MAT/JTRAB/CTRAB
526;JURIDICO/GG-MAT/JTRAB/MG-CO-ES
527;JURIDICO/GG-MAT/JTRAB/RH-DT
528;JURIDICO/GG-MAT/JTRIB/ATEM
529;JURIDICO/GG-MAT/JTRIB/COIND
530;JURIDICO/GG-MAT/JTRIB/DTRIB-NO
531;JURIDICO/GG-MAT/JTS
532;JURIDICO/GG-MAT/JTS/DC
533;JURIDICO/JAOC
534;JURIDICO/JAOC/CA-TCU
535;JURIDICO/JSADEC
536;JURIDICO/SGO
537;LIBRA
538;LIBRA/CIP
539;LIBRA/CIP/PROJ-1LBR
540;LIBRA/CIP/PROJ-MERO4
541;LIBRA/EXPCT/EE
542;LIBRA/EXPCT/GEO
543;LIBRA/EXPCT/IE
544;LIBRA/GCPP
545;LIBRA/GCPP/PAR
546;LIBRA/GCPP/SGO
547;LIBRA/SMSCL
548;LIBRA/SOE
549;LIBRA/SOE/PM/GSC
550;LIBRA/SOE/PM/OP-PO
551;LIBRA/SOE/PM/PROJ-PO
552;LIBRA/SOE/SUB
553;LIBRA/SOE/SUB/GSC
554;LIBRA/SOE/SUB/OP-SUB
555;LIBRA/SOE/SUB/PROJ-SUB
556;LIBRA/SOE/UEP
557;LIBRA/SOE/UEP/NEP
558;LIBRA/SOE/UEP/OP-LIBRA
559;LMS
560;LMS/ICOP/OAG
561;LMS/ICOP/RFDO
562;LMS/ICOP/TOL
563;LMS/OMD/IMAN
564;LMS/OMD/MQP
565;LMS/OMD/PMP
566;LMS/SCA
567;LMS/US-LOG
568;LMS/US-LOG/GCI
569;LMS/US-LOG/GCI/CMAR
570;LMS/US-LOG/GCI/CTER
571;LMS/US-LOG/GOPI
572;LMS/US-LOG/GOPI/DAR
573;LMS/US-LOG/GOPI/GTLQ
574;LMS/US-LOG/GOPI/IO
575;LMS/US-LOG/OLNF
576;LMS/US-LOG/OLNF/OPRT-A
577;LMS/US-LOG/OLNF/OPRT-M
578;LMS/US-LOG/OLNF/TM
579;LMS/US-LOG/OLNF/TT
580;LMS/US-LOG/OLNNE
581;LMS/US-LOG/OLS
582;LMS/US-LOG/OLS/ARM
583;LMS/US-LOG/OLS/TM
584;LMS/US-LOG/OLS/TT
585;LMS/US-LOG/SMS
586;LMS/US-SOEP
587;LMS/US-SOEP/CEOPTO
588;LMS/US-SOEP/CEOPTO/GFE
589;LMS/US-SOEP/CEOPTO/OCP
590;LMS/US-SOEP/CEOPTO/OPTO
591;LMS/US-SOEP/CEOPTO/SCOP
592;LMS/US-SOEP/GOPI
593;LMS/US-SOEP/LF
594;LMS/US-SOEP/LF/LCAM
595;LMS/US-SOEP/LF/LCEN
596;LMS/US-SOEP/OM
597;LMS/US-SOEP/OM/OCONT
598;LMS/US-SOEP/OM/OPREQ
599;LMS/US-SOEP/OM/OPRTBM
600;LMS/US-SOEP/OM/PRMT
601;LMS/US-SOEP/SMS
602;LMS/US-SOEP/TAO/GFH
603;LMS/US-SOEP/TAO/OABS
604;LMS/US-SOEP/TAO/OAES
605;LMS/US-SOEP/TAO/OANE
606;LMS/US-SOEP/TAO/PPTA
607;LOG
608;LOG/EOL
609;LOG/PL/PO
610;LOG/PL/SLA
611;LOG/PR
612;LOG/PR/MD
613;LOG/PR/PNN
614;LOG/PR/PPE
615;LOG/PR/PSP
616;LOG/PR/QMP
617;LOG/PR/SP
618;LOG/SGO
619;LOG/TA
620;LOG/TA/AF
621;LOG/TA/GCA
622;LOG/TA/GCL
623;LOG/TA/IAN
624;LOG/TA/IO
625;LOG/TA/ON
626;LOG/TA/SL
627;LUBNOR
628;LUBNOR/ESTO
629;LUBNOR/ESTO/CM
630;LUBNOR/ESTO/OT
631;LUBNOR/ESTO/SOP
632;LUBNOR/IE
633;LUBNOR/MA
634;LUBNOR/OP/RUT
635;LUBNOR/SMS
636;MC
637;MC/COCB/CEOC
638;MC/COCB/CM
639;MC/COCB/DNMB
640;MC/COCB/OS
641;MC/COCB/SCE
642;MC/COCB/SCE/NNE
643;MC/COCB/SCE/SSE
644;MC/CPC
645;MC/CPC/CEPC
646;MC/CPC/CID
647;MC/CPC/CIG
648;MC/CPC/RNN
649;MC/CPC/RSP
650;MC/CPE
651;MC/CPE/CE
652;MC/CPE/CG
653;MC/CPE/CGQE
654;MC/CPE/CIA
655;MC/CPPI
656;MC/CPPI/CICI
657;MC/CPPI/CINMPI
658;MC/GTMF
659;MC/MA
660;MC/MA/DP
661;MC/MA/EMC
662;MC/MA/PS
663;MC/MA/RL
664;MC/PEL/PET
665;MC/PSPL
666;OUVIDORIA-GERAL/TD
667;OUVIDORIA-GERAL/TDT
668;PB/29
669;PB/N�o atribu�do
670;PDP
671;PDP/GIDP&T
672;PDP/GIPI/ARE
673;PDP/GIPI/PGP
674;PDP/GIPI/PRC
675;PDP/IP-I
676;PDP/IP-I/PROJ-LL-EXT-S
677;PDP/IP-I/PROJ-LL-N
678;PDP/IP-I/PROJ-LL-S
679;PDP/IP-II
680;PDP/IP-II/PROJ-BUZ-1
681;PDP/IP-II/PROJ-BUZ-2
682;PDP/IP-II/PROJ-BUZ-3
683;PDP/IP-II/PROJ-BUZ-4
684;PDP/IP-II/PROJ-SEP
685;PDP/IP-III
686;PDP/IP-III/FO
687;PDP/IP-III/PMXL1
688;PDP/IP-III/PROJ-TART-VE-ME
689;PDP/IP-IV
690;PDP/IP-IV/PROJ-ATA
691;PDP/IP-IV/PROJ-BER-SUR
692;PDP/IP-IV/PROJ-LPA
693;PDP/IP-IV/PROJ-REV-MRL-I
694;PDP/IP-IV/PROJ-REV-MRL-II
695;PETROBRAS
696;POCOS
697;POCOS/CAAP-EX
698;POCOS/CAAP-EX/IOP
699;POCOS/CAAP-EX/POLO-EXP
700;POCOS/CAAP-EX/POLO-EXT
701;POCOS/CAAP-EX/PROJ/PROJ-NENOP
702;POCOS/CAAP-EX/PROJ/PROJ-NNAC
703;POCOS/CAMAP-AR-AP
704;POCOS/CAMAP-AR-AP/POLO-MAC
705;POCOS/CAMAP-AR-AP/POLO-MAC/CAMAP-MF
706;POCOS/CAMAP-AR-AP/POLO-MAC/CAP
707;POCOS/CAMAP-AR-AP/POLO-MAC/MAP
708;POCOS/CAMAP-AR-AP/POLO-RIO
709;POCOS/CAMAP-AR-AP/POLO-RIO/CAMAP-ESNNES
710;POCOS/CAMAP-AR-AP/POLO-RIO/CAP
711;POCOS/CAMAP-AR-AP/POLO-RIO/MAP
712;POCOS/CAMAP-AR-AP/PROJ
713;POCOS/CAMAP-AR-AP/PROJ/PROJ-ESNNES
714;POCOS/CAMAP-AR-AP/PROJ/PROJ-MAC
715;POCOS/CAMAP-AR-AP/PROJ/PROJ-RIO
716;POCOS/CAMAP-AUP
717;POCOS/CAMAP-AUP/IOP
718;POCOS/CAMAP-AUP/POLO-SAN
719;POCOS/CAMAP-AUP/POLO-SAN/CAMP-I
720;POCOS/CAMAP-AUP/POLO-SAN/CAMP-II
721;POCOS/CAMAP-AUP/POLO-SAN/CAMP-III
722;POCOS/CAMAP-AUP/PROJ
723;POCOS/CAMAP-AUP/PROJ/PROJ-RIO
724;POCOS/CAMAP-AUP/PROJ/PROJ-SAN
725;POCOS/CTPS
726;POCOS/CTPS/CT
727;POCOS/CTPS/DT
728;POCOS/CTPS/EO
729;POCOS/CTPS/QC
730;POCOS/SEGUP
731;POCOS/SM
732;POCOS/SM/ES
733;POCOS/SM/ES/ECS
734;POCOS/SM/ES/MI
735;POCOS/SM/IOSS
736;POCOS/SM/IOSS/ITO
737;POCOS/SM/IOSS/ITP
738;POCOS/SM/SC
739;POCOS/SM/SC/OP-SOND-I
740;POCOS/SM/SC/OP-SOND-IV
741;POCOS/SM/SP
742;POCOS/SM/SP/OP-SOND-I
743;POCOS/SM/SP/OP-SOND-I/GEPLAT-P59
744;POCOS/SM/SP/OP-SOND-II
745;POCOS/SM/SP/OP-SOND-III
746;POCOS/SM/SP/OPSF
747;POCOS/SMS/MAS
748;POCOS/SMS/SEG-MAC
749;POCOS/SMS/SEG-RIOSAN
750;POCOS/SPO
751;POCOS/SPO/IOSP/ITP
752;POCOS/SPO/PEP
753;POCOS/SPO/PEP/DPP
754;POCOS/SPO/PEP/PROJ-EP
755;POCOS/SPO/PEP/PROJ-FLUI
756;POCOS/SPO/PEP/PROJ-PERF
757;POCOS/SPO/PEP/PROJ-SCA
758;POCOS/SPO/RSP
759;POCOS/SPO/RSP/SRP
760;POCOS/SPO/SCA/AVAL
761;POCOS/SPO/SCA/COMP
762;POCOS/SPO/SCA/MAP
763;POCOS/SPO/SCA/RF-SCA
764;POCOS/SPO/SCPC/GCCP
765;POCOS/SPO/SCPC/STCP
766;POCOS/SPO/SEP/CABP
767;POCOS/SPO/SEP/REVCIM
768;POCOS/SPO/SEP/REVCIM-AUP
769;POCOS/SPO/SF
770;POCOS/SPO/SF/ESCA
771;POCOS/SPO/SF/FLUI
772;POCOS/SPO/SP/OAD
773;POCOS/SPO/SP/PAT
774;POCOS/SPO/SP/PERF
775;PRESIDENCIA
776;PRGE
777;PRGE/ENG
778;PRGE/ENG/APR
779;PRGE/ENG/CIUT/COG
780;PRGE/ENG/CIUT/IUT
781;PRGE/ENG/CIUT/SEG
782;PRGE/ENG/CIUT/TAE
783;PRGE/ENG/ECIAD/AH
784;PRGE/ENG/ECIAD/ECIV
785;PRGE/ENG/ECIAD/EDUT
786;PRGE/ENG/EETC/EBET
787;PRGE/ENG/EETC/EDC
788;PRGE/ENG/EETC/EDET
789;PRGE/ENG/FCDS/CDS
790;PRGE/ENG/FCDS/FCC
791;PRGE/ENG/HGFE/EBGFE
792;PRGE/ENG/HGFE/EBHT
793;PRGE/ENG/HGFE/EDIUP
794;PRGE/ENG/PI
795;PRGE/ENG/SEAI/IAI
796;PRGE/ENG/SEAI/SDE
797;PRGE/ENG/SEAI/SP
798;PRGE/IP-IL
799;PRGE/IP-IL/LOGNNE
800;PRGE/IP-IL/LOGNNE/CME
801;PRGE/IP-IL/LOGNNE/CMINF
802;PRGE/IP-IL/LOGNNE/LFL
803;PRGE/IP-IL/LOGNNE/LOGGAS
804;PRGE/IP-IL/LOGNNE/PG
805;PRGE/IP-IL/LOGNNE/PS
806;PRGE/IP-IL/LOGNNE/SMS
807;PRGE/IP-IL/LOGSP
808;PRGE/IP-IL/LOGSP/CMOC
809;PRGE/IP-IL/LOGSP/CMOS
810;PRGE/IP-IL/LOGSP/CMPDDI
811;PRGE/IP-IL/LOGSP/CMPDDII
812;PRGE/IP-IL/LOGSP/CMUTGCA
813;PRGE/IP-IL/LOGSP/LFL
814;PRGE/IP-IL/LOGSP/PG
815;PRGE/IP-IL/LOGSP/PS
816;PRGE/IP-IL/LOGSP/SMS
817;PRGE/IP-IL/PD
818;PRGE/IP-IL/PD/RPRE
819;PRGE/IP-IL/PD/UFN
820;PRGE/IP-IL/PD/UFNIII
821;PRGE/IP-IL/PD/UFNV
822;PRGE/IP-IL/REFSSE
823;PRGE/IP-IL/REFSSE/CMREF
824;PRGE/IP-IL/REFSSE/CMREGAP
825;PRGE/IP-IL/REFSSE/CMRPBC
826;PRGE/IP-IL/REFSSE/LSA
827;PRGE/IP-IL/REFSSE/PG
828;PRGE/IP-IL/REFSSE/SMS
829;PRGE/IP-IL/RNEST
830;PRGE/IP-IL/RNEST/CMCHD
831;PRGE/IP-IL/RNEST/CMINF
832;PRGE/IP-IL/RNEST/CMOFF
833;PRGE/IP-IL/RNEST/CMSNOX
834;PRGE/IP-IL/RNEST/PG
835;PRGE/IP-IL/RNEST/PS
836;PRGE/IP-IL/RNEST/SMS
837;PRGE/IP-RJ/EXMU/CMDUT
838;PRGE/IP-RJ/EXMU/CMGR3
839;PRGE/IP-RJ/LOGSSE/CMGAS
840;PRGE/IP-RJ/LOGSSE/CMPLAN
841;PRGE/IP-RJ/LOGSSE/CMTECAB
842;PRGE/IP-RJ/LOGSSE/LFL
843;PRGE/IP-RJ/LOGSSE/PS
844;PRGE/IP-RJ/LOGSSE/SMS
845;PRGE/IP-RJ/REDUC/CMDU
846;PRGE/IP-RJ/REDUC/CMETCA
847;PRGE/IP-RJ/REDUC/CMINF
848;PRGE/IP-RJ/REDUC/PG
849;PRGE/IP-RJ/REDUC/SMS
850;PRGE/IP-RJ/UTR3/CMSEL
851;PRGE/IP-RJ/UTR3/SMS
852;PRGE/SGP/ADLA
853;PRGE/SGP/ALC
854;PRGE/SGP/EC
855;PRGE/SGP/LA
856;PRGE/SGP/PGP
857;PRNRTC
858;RECAP
859;RECAP/ESTO
860;RECAP/ESTO/OT
861;RECAP/ESTO/PP
862;RECAP/IE
863;RECAP/MA/EED
864;RECAP/MA/EI
865;RECAP/OP
866;RECAP/OP/RE
867;RECAP/SMS
868;RECAP/SMS/SI
869;REDUC
870;REDUC/CB/CQ
871;REDUC/CB/HDT
872;REDUC/ESTO
873;REDUC/ESTO/CQ
874;REDUC/IE
875;REDUC/MA
876;REDUC/MA/EE
877;REDUC/MA/EI
878;REDUC/MA/PM
879;REDUC/PC
880;REDUC/SMS
881;REDUC/SMS/SI
882;REDUC/TE
883;REDUC/TE/ML
884;REFAP
885;REFAP/CM
886;REFAP/CM/PEF
887;REFAP/ESTO
888;REFAP/ESTO/CQ
889;REFAP/ESTO/OT
890;REFAP/ESTO/PC
891;REFAP/IE
892;REFAP/MA
893;REFAP/MA/ED
894;REFAP/MA/EI
895;REFAP/MA/PM
896;REFAP/PR/CQ
897;REFAP/PR/HDT
898;REFAP/SMS
899;REFAP/SMS/SI
900;REFAP/TE
901;REGAP
902;REGAP/CM
903;REGAP/CM/CM-ES
904;REGAP/CM/PEF
905;REGAP/ESTO
906;REGAP/ESTO/OT
907;REGAP/ESTO/PC
908;REGAP/ESTO/SOP
909;REGAP/IE
910;REGAP/MA/ED
911;REGAP/MA/EE
912;REGAP/MA/PM
913;REGAP/PR/CCF
914;REGAP/PR/HC
915;REGAP/PR/UT
916;REGAP/SMS
917;REGAP/SMS/SI
918;REGAP/TE
919;REMAN
920;REMAN/ESTO
921;REMAN/ESTO/CM
922;REMAN/ESTO/CQ
923;REMAN/ESTO/OT
924;REMAN/ESTO/PP
925;REMAN/IE
926;REMAN/MA/EED
927;REMAN/MA/EI
928;REMAN/OP
929;REMAN/OP/TEU
930;REMAN/SMS
931;REPAR
932;REPAR/CM/PEF
933;REPAR/ESTO
934;REPAR/ESTO/OT
935;REPAR/ESTO/PC
936;REPAR/ESTO/SOP
937;REPAR/IE
938;REPAR/MA
939;REPAR/MA/ED
940;REPAR/MA/EE
941;REPAR/MA/EI
942;REPAR/MA/PM
943;REPAR/PR/CQ
944;REPAR/PR/DCCF
945;REPAR/PR/DH
946;REPAR/PR/HRC
947;REPAR/PR/UT
948;REPAR/SMS
949;REPAR/SMS/SI
950;REPAR/TE
951;REPLAN
952;REPLAN/CM/PEF
953;REPLAN/EIBR
954;REPLAN/ESTO
955;REPLAN/ESTO/CQ
956;REPLAN/ESTO/OT
957;REPLAN/ESTO/PC
958;REPLAN/ESTO/SOP
959;REPLAN/IE
960;REPLAN/MA
961;REPLAN/MA/EI
962;REPLAN/MA/PM
963;REPLAN/PR/CCF
964;REPLAN/PR/CQ
965;REPLAN/SMS
966;REPLAN/SMS/SI
967;REPLAN/TEU/TE
968;REPLAN/TEU/UT
969;RES
970;RES/DND
971;RES/DND/STE
972;RES/EE
973;RES/GNOR
974;RES/GNOR/CM
975;RES/GNOR/CTE
976;RES/RV
977;RES/TR
978;RES/TR/AR
979;RES/TR/ER
980;RES/TR/GDR
981;RES/TR/GFR
982;RES/TR/GMR
983;RES/TR/GR
984;REVAP
985;REVAP/CM/PEF
986;REVAP/ESTO
987;REVAP/ESTO/CQ
988;REVAP/ESTO/OT
989;REVAP/IE
990;REVAP/MA
991;REVAP/MA/ED
992;REVAP/MA/EE
993;REVAP/MA/PM
994;REVAP/PR/DCCF
995;REVAP/SMS
996;REVAP/TEU
997;REVAP/TEU/TE
998;REVAP/TEU/UT
999;RH
1000;RH/AMS
1001;RH/AMS/AFSS
1002;RH/AMS/AFSS/GP
1003;RH/AMS/OPR
1004;RH/AMS/OPR/RA-NNE
1005;RH/AMS/OPR/RA-RJ
1006;RH/AMS/OPR/RA-SPS
1007;RH/AMS/PDS
1008;RH/CP/CD
1009;RH/CP/IC
1010;RH/CP/PE
1011;RH/CSM
1012;RH/CSM/AS
1013;RH/CSM/CC
1014;RH/CSM/CM
1015;RH/CSM/SU
1016;RH/PN
1017;RH/PN/DP&T
1018;RH/PN/DP&T/POCOS
1019;RH/PN/DP&T/PRGE
1020;RH/PN/DP&T/SUB
1021;RH/PN/DP&T/SUP-PDP
1022;RH/PN/E&P
1023;RH/PN/E&P/CPT
1024;RH/PN/E&P/EXP
1025;RH/PN/E&P/LMS
1026;RH/PN/E&P/RNCE
1027;RH/PN/E&P/UO-AM
1028;RH/PN/E&P/UO-BA
1029;RH/PN/E&P/UO-BC
1030;RH/PN/E&P/UO-BS
1031;RH/PN/E&P/UO-ES
1032;RH/PN/E&P/UO-RIO
1033;RH/PN/E&P/UO-SEAL
1034;RH/PN/MI
1035;RH/PN/PGS/BSRS
1036;RH/PN/PGS/FIN
1037;RH/PN/PGS/PRD
1038;RH/PN/PGS/SCRH
1039;RH/PN/PGS/TS
1040;RH/PN/RGN
1041;RH/PN/RGN/GN&E
1042;RH/PN/RGN/LUBNOR
1043;RH/PN/RGN/RECAP
1044;RH/PN/RGN/REFAP
1045;RH/PN/RGN/REGAP
1046;RH/PN/RGN/REMAN
1047;RH/PN/RGN/REPAR
1048;RH/PN/RGN/REPLAN
1049;RH/PN/RGN/REVAP
1050;RH/PN/RGN/RLAM
1051;RH/PN/RGN/RNEST
1052;RH/PN/RGN/RPBC
1053;RH/PN/RGN/SIX
1054;RH/REC
1055;RH/REC/BE
1056;RH/REC/CS
1057;RH/REC/DR
1058;RH/REC/RJ
1059;RH/RRH
1060;RH/RRH/REE
1061;RH/SPE
1062;RH/SPE/SGCR1
1063;RH/SPE/SGCR2
1064;RH/SPE/SRB
1065;RH/SPE/SSPE
1066;RH/UP
1067;RH/UP/DRH
1068;RH/UP/EEDP
1069;RH/UP/EGL
1070;RH/UP/ERGN
1071;RH/UP/RE
1072;RISCOS
1073;RISCOS/GIR
1074;RISCOS/RC
1075;RISCOS/RE
1076;RISCOS/RE/RPNG
1077;RISCOS/RF
1078;RISCOS/RF/RML
1079;RISCOS/RO
1080;RISCOS/RO/GCN
1081;RLAM
1082;RLAM/CB/CCFR
1083;RLAM/CB/HDT
1084;RLAM/CM
1085;RLAM/CM/CM-RN-PB
1086;RLAM/CM/PEF
1087;RLAM/ESTO
1088;RLAM/ESTO/OT
1089;RLAM/ESTO/PC
1090;RLAM/ESTO/SOP
1091;RLAM/IE
1092;RLAM/LPS
1093;RLAM/LPS/PL-I
1094;RLAM/LPS/PL-II
1095;RLAM/LPS/PS
1096;RLAM/MA
1097;RLAM/MA/EI
1098;RLAM/MA/PM
1099;RLAM/SMS
1100;RLAM/SMS/SI
1101;RLAM/TEU
1102;RLAM/TEU/AE
1103;RLAM/TEU/TE
1104;RLAM/TEU/TN
1105;RNEST/CM
1106;RNEST/CM/PEF
1107;RNEST/ESTO
1108;RNEST/ESTO/OT
1109;RNEST/ESTO/SOP
1110;RNEST/IE
1111;RNEST/MA/ED
1112;RNEST/MA/EI
1113;RNEST/MA/PM
1114;RNEST/OP/DC
1115;RNEST/OP/UT
1116;RNEST/SMS
1117;RNEST/SMS/SI
1118;RPBC
1119;RPBC/CM
1120;RPBC/CM/PEF
1121;RPBC/ESTO
1122;RPBC/ESTO/OT
1123;RPBC/ESTO/PC
1124;RPBC/IE
1125;RPBC/MA/ED
1126;RPBC/MA/EE
1127;RPBC/MA/EI
1128;RPBC/MA/PM
1129;RPBC/PR/CRA
1130;RPBC/PR/DE
1131;RPBC/SMS
1132;RPBC/SMS/SI
1133;RPBC/TE
1134;RS
1135;RS/IRRC
1136;RS/IRRC/NE1
1137;RS/IRRC/NE2
1138;RS/IRRC/RJMGES
1139;RS/IRRC/SPSUL
1140;RS/PA
1141;RS/PARS
1142;RS/PS
1143;SBS
1144;SBS/ECGF
1145;SBS/ECGF/APH
1146;SBS/ECGF/APH/ACF
1147;SBS/ECGF/APH/HAB
1148;SBS/ECGF/APH/PQ
1149;SBS/ECGF/DBF
1150;SBS/ECGF/ECGC1
1151;SBS/ECGF/ECGC1/EPC
1152;SBS/ECGF/ECGC1/PSA
1153;SBS/ECGF/ECGC1/SUB
1154;SBS/ECGF/ECGC1/VTCE
1155;SBS/ECGF/ECGC2
1156;SBS/ECGF/ECGC2/EI
1157;SBS/ECGF/ECGC2/QC
1158;SBS/ECGF/ECGC2/STS
1159;SBS/ECGF/GBF
1160;SBS/ECGF/GBF/ACF
1161;SBS/ECGF/GBF/ADF
1162;SBS/ECGF/GBF/ATEND
1163;SBS/ECGF/GBF/ESC
1164;SBS/ECGF/ICM
1165;SBS/LSC/CMAA
1166;SBS/LSC/IF
1167;SBS/LSC/SAMAC
1168;SBS/LSC/SARE
1169;SBS/LSC/SASAN
1170;SBS/OGBS
1171;SBS/OGBS/CMS
1172;SBS/OGBS/IMP
1173;SBS/OGBS/OC
1174;SBS/RLCP
1175;SBS/RLCP/FORN
1176;SBS/RLCP/NORM
1177;SBS/RLCP/ORCAM
1178;SBS/RLCP/SIST
1179;SBS/SBS-CG
1180;SBS/SBS-CG/CSC1
1181;SBS/SBS-CG/CSC1/RHSMS
1182;SBS/SBS-CG/CSC1/STIC
1183;SBS/SBS-CG/GDBE
1184;SBS/SBS-CG/REG
1185;SBS/SBS-CG/REG/CSRJ
1186;SBS/SBS-CG/REG/MACAE
1187;SBS/SBS-CG/REG/NNE
1188;SBS/SBS-CG/REG/SBRJ
1189;SBS/SBS-CG/REG/SP
1190;SBS/SBS-CG/SCG/CORP
1191;SBS/SBS-CG/SCG/PQ
1192;SBS/SBS-CG/SCG/VCA
1193;SBS/SBS-DPT
1194;SBS/SBS-DPT-EP
1195;SBS/SBS-DPT-EP/GDBE
1196;SBS/SBS-DPT-EP/PM/CAPSE
1197;SBS/SBS-DPT-EP/SUB/DCAEMS
1198;SBS/SBS-DPT-EP/SUB/DCLU
1199;SBS/SBS-DPT-EP/SUB/MSA
1200;SBS/SBS-DPT-EP/SUP/FPSOAF
1201;SBS/SBS-DPT/GDBE
1202;SBS/SBS-DPT/PM/CAPSE
1203;SBS/SBS-DPT/PM/DCPS
1204;SBS/SBS-DPT/PM/PPF
1205;SBS/SBS-DPT/PM/SP
1206;SBS/SBS-DPT/PRGE
1207;SBS/SBS-DPT/SUB/MSA
1208;SBS/SBS-DPT/SUP
1209;SBS/SBS-DPT/SUP/BSS
1210;SBS/SBS-EP
1211;SBS/SBS-EP/AM
1212;SBS/SBS-EP/BA
1213;SBS/SBS-EP/BA/CS
1214;SBS/SBS-EP/BA/SB
1215;SBS/SBS-EP/BC
1216;SBS/SBS-EP/BC/DILIG
1217;SBS/SBS-EP/BC/SB
1218;SBS/SBS-EP/BS
1219;SBS/SBS-EP/BS/CS
1220;SBS/SBS-EP/BS/DILIG
1221;SBS/SBS-EP/BS/SB
1222;SBS/SBS-EP/ES
1223;SBS/SBS-EP/ES/CS
1224;SBS/SBS-EP/ES/DILIG
1225;SBS/SBS-EP/ES/SB
1226;SBS/SBS-EP/LSLE
1227;SBS/SBS-EP/LSLE/DILIG
1228;SBS/SBS-EP/LSLE/LEI
1229;SBS/SBS-EP/RIO
1230;SBS/SBS-EP/RIO/CS
1231;SBS/SBS-EP/RIO/DILIG
1232;SBS/SBS-EP/RIO/SB
1233;SBS/SBS-EP/RNCE
1234;SBS/SBS-EP/RNCE/CS
1235;SBS/SBS-EP/RNCE/SB
1236;SBS/SBS-EP/SEAL
1237;SBS/SBS-EP/SEAL/CS
1238;SBS/SBS-EP/SEAL/SB
1239;SBS/SBS-RGN
1240;SBS/SBS-RGN/CCS
1241;SBS/SBS-RGN/CSI
1242;SBS/SBS-RGN/GDBE
1243;SBS/SBS-RGN/NNE
1244;SBS/SBS-RGN/NNE/AM
1245;SBS/SBS-RGN/NNE/CAM
1246;SBS/SBS-RGN/NNE/CE
1247;SBS/SBS-RGN/NNE/MAT
1248;SBS/SBS-RGN/NNE/PE
1249;SBS/SBS-RGN/NNE/RN
1250;SBS/SBS-RGN/NNE/SE
1251;SBS/SBS-RGN/SCB
1252;SBS/SBS-RGN/SCB/DEE
1253;SBS/SBS-RGN/SCB/NNE
1254;SBS/SBS-RGN/SCB/SE
1255;SBS/SBS-RGN/SCB/SPSCO
1256;SBS/SBS-RGN/SCRM
1257;SBS/SBS-RGN/SCRM/MG
1258;SBS/SBS-RGN/SCRM/PR
1259;SBS/SBS-RGN/SCRM/RJ
1260;SBS/SBS-RGN/SCRM/RS
1261;SBS/SBS-RGN/SME
1262;SBS/SBS-RGN/SME/CAMP
1263;SBS/SBS-RGN/SME/CAR
1264;SBS/SBS-RGN/SME/ES
1265;SBS/SBS-RGN/SME/MAC
1266;SBS/SBS-RGN/SME/SAN
1267;SBS/SBS-RGN/SME/SP
1268;SBS/SBS-RGN/SME/VP
1269;SEGEPE
1270;SEGEPE/SCA
1271;SISTEMA PETROBRAS
1272;SIX
1273;SIX/ESTO
1274;SIX/ESTO/OT
1275;SIX/ESTO/SOP
1276;SIX/IE
1277;SIX/MA
1278;SIX/MN
1279;SIX/OP
1280;SIX/OP/PQ
1281;SIX/SMS
1282;SIX/SMS/SI
1283;SMS
1284;SMS/IDP&T/AC
1285;SMS/IDP&T/MA
1286;SMS/IDP&T/PSMS
1287;SMS/IDP&T/SA
1288;SMS/IDP&T/SG
1289;SMS/IE&P
1290;SMS/IE&P/AC
1291;SMS/IE&P/MA
1292;SMS/IE&P/SA
1293;SMS/IE&P/SG
1294;SMS/IRGN
1295;SMS/IRGN/AC
1296;SMS/IRGN/MA
1297;SMS/IRGN/SA
1298;SMS/IRGN/SG
1299;SMS/LA
1300;SMS/LA/AGS
1301;SMS/LA/LI-E&P-I
1302;SMS/LA/LI-E&P-II
1303;SMS/LA/LI-RGN
1304;SMS/MA
1305;SMS/MA/AVNE
1306;SMS/MA/BRH
1307;SMS/MA/EMC
1308;SMS/MA/RAI
1309;SMS/RE
1310;SMS/SA
1311;SMS/SA/PS
1312;SMS/SA/SO
1313;SMS/SGC
1314;SMS/SGC/IAC
1315;SMS/SGC/PC
1316;SMS/SGC/RE
1317;SMS/SGC/SG
1318;SMS/SGC/SP
1319;SUB
1320;SUB/EQSB
1321;SUB/EQSB/DISP
1322;SUB/EQSB/DISP/DIR
1323;SUB/EQSB/DISP/DRS
1324;SUB/EQSB/DISP/GES
1325;SUB/EQSB/DISP/STM
1326;SUB/EQSB/IESUB
1327;SUB/EQSB/IESUB/OP-OESSE
1328;SUB/EQSB/IESUB/OP-SESV
1329;SUB/EQSB/IESUB/PSESUB
1330;SUB/EQSB/IESUB/STIES
1331;SUB/EQSB/SARP
1332;SUB/EQSB/SARP/OP-ARP
1333;SUB/EQSB/SARP/PSARP
1334;SUB/EQSB/SAUP
1335;SUB/EQSB/SAUP/OP-AUP
1336;SUB/EQSB/SAUP/PSAUP
1337;SUB/EQSB/SIMA
1338;SUB/EQSB/SIMA/BGL
1339;SUB/EQSB/SIMA/OMI
1340;SUB/EQSB/SMS
1341;SUB/ES
1342;SUB/ES/DCT
1343;SUB/ES/ECSS
1344;SUB/ES/EECE
1345;SUB/ES/EECE/ECE
1346;SUB/ES/EECE/EES
1347;SUB/ES/EISE/EDF
1348;SUB/ES/EISE/EDR
1349;SUB/ES/GEO
1350;SUB/ES/INESUB
1351;SUB/IOI/AG
1352;SUB/IPSUB
1353;SUB/IPSUB/EMPSUB-I
1354;SUB/IPSUB/EMPSUB-II
1355;SUB/IPSUB/INPSUB
1356;SUB/IPSUB/PROJMAN
1357;SUB/IPSUB/PROJMAN/MAN-I
1358;SUB/IPSUB/PROJMAN/MAN-III
1359;SUB/IPSUB/PROJMAN/MAN-IV
1360;SUB/IPSUB/PROJSUB-I
1361;SUB/IPSUB/PROJSUB-II
1362;SUB/IPSUB/PROJSUB-III
1363;SUB/IPSUB/PROJSUB-III/PDES
1364;SUB/OPSUB
1365;SUB/OPSUB/ANC
1366;SUB/OPSUB/ANC/GRANC
1367;SUB/OPSUB/ANC/OPANC
1368;SUB/OPSUB/ANC/STIANC
1369;SUB/OPSUB/GDSO
1370;SUB/OPSUB/GDSO/GDS
1371;SUB/OPSUB/GDSO/OCN
1372;SUB/OPSUB/GIOP-SUB
1373;SUB/OPSUB/GIOP-SUB/ECS
1374;SUB/OPSUB/GIOP-SUB/IR
1375;SUB/OPSUB/GIOP-SUB/PIOP
1376;SUB/OPSUB/ISBM
1377;SUB/OPSUB/ISBM/GRIS
1378;SUB/OPSUB/ISBM/OIRP
1379;SUB/OPSUB/ISBM/OIUP
1380;SUB/OPSUB/ISBM/OPDS
1381;SUB/OPSUB/ISBM/SIDS
1382;SUB/OPSUB/MIS
1383;SUB/OPSUB/MIS/GRIR
1384;SUB/OPSUB/MIS/IPSE
1385;SUB/OPSUB/MIS/IRSE
1386;SUB/OPSUB/MIS/STIRS
1387;SUB/OPSUB/SEMB/EME
1388;SUB/OPSUB/SEMB/SEE
1389;SUB/OPSUB/SMS
1390;SUP
1391;SUP/ESUP
1392;SUP/ESUP/APS
1393;SUP/ESUP/APS/ESC
1394;SUP/ESUP/EEA
1395;SUP/ESUP/EEA/EBET
1396;SUP/ESUP/EEA/EDCO
1397;SUP/ESUP/EEA/EDET
1398;SUP/ESUP/EEI
1399;SUP/ESUP/EEI/EIAC
1400;SUP/ESUP/EEI/ESES
1401;SUP/ESUP/EGEO
1402;SUP/ESUP/EGEO/EBEG
1403;SUP/ESUP/EGEO/EDEG
1404;SUP/ESUP/EN
1405;SUP/ESUP/EN/EDCSI
1406;SUP/ESUP/EPS
1407;SUP/ESUP/EPS/EBPS
1408;SUP/ESUP/EPS/EDPS
1409;SUP/ESUP/PIES
1410;SUP/ESUP/PIES/ITUA
1411;SUP/SGP/ALSP
1412;SUP/SGP/DLA
1413;SUP/SGP/EC
1414;SUP/SGP/PGP
1415;SUP/SGP/PREOP
1416;SUP/SIA
1417;SUP/SIA/AEMB
1418;SUP/SIA/MC
1419;SUP/SIA/UAP
1420;SUP/SIA/UAS
1421;SUP/SISUP-I
1422;SUP/SISUP-I/IES
1423;SUP/SISUP-I/MC
1424;SUP/SISUP-I/SAMX
1425;SUP/SISUP-I/SAMX/CMA-I
1426;SUP/SISUP-I/SAMX/CMA-II
1427;SUP/SISUP-I/SCP74
1428;SUP/SISUP-I/SCP74/CMIP74
1429;SUP/SISUP-I/SCP74/CMMP74
1430;SUP/SISUP-I/SCP74/ES
1431;SUP/SISUP-I/SCP74/PDC
1432;SUP/SISUP-I/SCP74/SMS
1433;SUP/SISUP-I/SCP75P77/CMIP75
1434;SUP/SISUP-I/SCP75P77/CMMP75
1435;SUP/SISUP-I/SCP75P77/CMMP77
1436;SUP/SISUP-I/SCP75P77/PDC
1437;SUP/SISUP-I/SCP76
1438;SUP/SISUP-I/SCP76/CMIP76
1439;SUP/SISUP-I/SCP76/CMMP76
1440;SUP/SISUP-I/SCP76/ES
1441;SUP/SISUP-I/SCP76/PDC
1442;SUP/SISUP-I/SCP76/SMS
1443;SUP/SISUP-I/SECC
1444;SUP/SISUP-I/SECC/EI
1445;SUP/SISUP-I/SECC/ES
1446;SUP/SISUP-I/SECC/PDC
1447;SUP/SISUP-II
1448;SUP/SISUP-II/IES
1449;SUP/SISUP-II/MC
1450;SUP/SISUP-II/SCMC
1451;SUP/SISUP-II/SCMC/CMC-I
1452;SUP/SISUP-II/SCMC/CMC-II
1453;SUP/SISUP-II/SCMC/CMC-III
1454;SUP/SISUP-II/SCMC/ERG
1455;SUP/SISUP-II/SCMC/ES
1456;SUP/SISUP-II/SCMC/PDC
1457;SUP/SISUP-II/SCMM
1458;SUP/SISUP-II/SCMM/CMM-I
1459;SUP/SISUP-II/SCMM/CMM-II
1460;SUP/SISUP-II/SCMM/CMM-III
1461;SUP/SISUP-II/SCMM/ES
1462;SUP/SISUP-II/SCMM/PDC
1463;SUP/SISUP-II/SCMM/SMS
1464;SUP/SISUP-II/SCP66P69/CMIP66
1465;SUP/SISUP-II/SCP66P69/CMIP69
1466;SUP/SISUP-II/SCP66P69/ES
1467;SUP/SISUP-II/SCP66P69/PDC
1468;SUP/SISUP-II/SCP67P70
1469;SUP/SISUP-II/SCP67P70/CMIP67
1470;SUP/SISUP-II/SCP67P70/CMIP70
1471;SUP/SISUP-II/SCP67P70/ES
1472;SUP/SISUP-II/SCP67P70/PDC
1473;SUP/SISUP-II/SCP68P71
1474;SUP/SISUP-II/SCP68P71/CMIP68
1475;SUP/SISUP-II/SCP68P71/CMIP71
1476;SUP/SISUP-II/SCP68P71/ES
1477;SUP/SISUP-II/SCP68P71/PDC
1478;SUP/SISUP-II/SCP68P71/SMS
1479;TAR
1480;TAR/CPT
1481;TAR/CPT/CIP-BAES/IPERF-ES
1482;TAR/CPT/CIP-N
1483;TAR/CPT/CIP-N/IPERF-AM
1484;TAR/CPT/CIP-N/IPERF-RNCE
1485;TAR/CPT/CIP-N/OS
1486;TAR/CPT/CIP-RNCE/OS
1487;TAR/CPT/CIP-S
1488;TAR/CPT/CIP-S/IPERF-BA
1489;TAR/CPT/CIP-S/IPERF-NC
1490;TAR/CPT/CIP-S/IPERF-SEAL
1491;TAR/CPT/ECP
1492;TAR/CPT/ECP/EPS
1493;TAR/CPT/ECP/ESI
1494;TAR/CPT/ECP/GRC
1495;TAR/CPT/ECP/PES
1496;TAR/CPT/ECP/SE
1497;TAR/CPT/PG
1498;TAR/CPT/SMSI
1499;TAR/PPSG
1500;TIC/ARQSERV
1501;TIC/ARQSERV/ARQTIC
1502;TIC/ARQSERV/SERVPROC
1503;TIC/ARQSERV/SPP
1504;TIC/CPAR
1505;TIC/CPAR/AM
1506;TIC/CPAR/ATENDIMENTO
1507;TIC/CPAR/NE
1508;TIC/CPAR/NE/AR
1509;TIC/CPAR/NE/OMI
1510;TIC/CPAR/NE/OMSW
1511;TIC/CPAR/NE/PEPB
1512;TIC/CPAR/NE/RNCEMA
1513;TIC/CPAR/NE/SEAL
1514;TIC/CPAR/SPSCO
1515;TIC/CPAR/SPSCO/AR
1516;TIC/CPAR/SPSCO/BS
1517;TIC/CPAR/SPSCO/OMI
1518;TIC/CPAR/SPSCO/OMSW
1519;TIC/CPAR/SPSCO/SUL
1520;TIC/CPAR/SUD
1521;TIC/CPAR/SUD/AR
1522;TIC/CPAR/SUD/ES
1523;TIC/CPAR/SUD/MG
1524;TIC/CPAR/SUD/OFFS
1525;TIC/CPAR/SUD/OMI
1526;TIC/CPAR/SUD/OMSW
1527;TIC/CPOM/CR/DI
1528;TIC/CPOM/CR/RLI
1529;TIC/CPOM/OI
1530;TIC/CPOM/STADAC
1531;TIC/CPOM/STADAC/AD
1532;TIC/CPOM/STADAC/AUT
1533;TIC/CPOM/STIB/IBCPD
1534;TIC/CPOM/STIB/IBR
1535;TIC/CPOM/STOR/AC
1536;TIC/CPOM/STSIS
1537;TIC/CPOM/STSIS/INFRA
1538;TIC/CPSOL/APCORP
1539;TIC/CPSOL/APNEG
1540;TIC/CPSOL/APNEG/GACP
1541;TIC/CPSOL/APNEG/PDES
1542;TIC/CPSOL/APNEG/RGN
1543;TIC/CPSOL/DCC
1544;TIC/CPSOL/DCC/POCD
1545;TIC/CPSOL/INFRATIC
1546;TIC/CPSOL/INFRATIC/AMBTC
1547;TIC/CPSOL/INFRATIC/EMPTC
1548;TIC/CPSOL/IPSOL
1549;TIC/CPSOL/IPSOL/MECP
1550;TIC/CPSOL/STEC/MQDAD
1551;TIC/TIC-CORP/TIC-FIN
1552;TIC/TIC-CORP/TIC-OAG
1553;TIC/TIC-CORP/TIC-POPD
1554;TIC/TIC-CORP/TIC-SRRS
1555;TIC/TIC-CORP/TIC-SSSP
1556;TIC/TIC-EP-RGN
1557;TIC/TIC-EP-RGN/GEXPLIB
1558;TIC/TIC-EP-RGN/GGIA-LSOP
1559;TIC/TIC-EP-RGN/GTARPU
1560;TIC/TIC-EP-RGN/TIC-IND
1561;TIC/TIC-EP-RGN/TIC-LGCM
1562;UO-AM
1563;UO-AM/ATP-U/CPGP
1564;UO-AM/ATP-U/DPCM
1565;UO-AM/ATP-U/OPM
1566;UO-AM/ATP-U/RES
1567;UO-AM/PG
1568;UO-AM/SOP/EMI
1569;UO-BA
1570;UO-BA/ATP-N
1571;UO-BA/ATP-N/MI-N
1572;UO-BA/ATP-N/OP-AG
1573;UO-BA/ATP-N/STCP
1574;UO-BA/ATP-S
1575;UO-BA/ATP-S/MI-C
1576;UO-BA/ATP-S/MI-S
1577;UO-BA/ATP-S/OP-CAN
1578;UO-BA/ATP-S/OP-CN
1579;UO-BA/ATP-S/OP-CS
1580;UO-BA/ATP-S/OPF-CATU
1581;UO-BA/ATP-S/STCP
1582;UO-BA/PG
1583;UO-BA/PROJ
1584;UO-BA/PROJ/CM-N
1585;UO-BA/PROJ/CM-S
1586;UO-BA/PROJ/EPAD
1587;UO-BA/PROJ/GPPI
1588;UO-BA/RES
1589;UO-BA/RES/ER
1590;UO-BA/RES/GR
1591;UO-BA/SMS
1592;UO-BA/SMS/SEG
1593;UO-BA/SOP/ARM
1594;UO-BA/SOP/LABF
1595;UO-BA/SOP/OM
1596;UO-BA/SOP/SG
1597;UO-BA/SOP/TC
1598;UO-BC
1599;UO-BC/ATP-AB
1600;UO-BC/ATP-AB/EEIS
1601;UO-BC/ATP-AB/MIED
1602;UO-BC/ATP-AB/MIEE
1603;UO-BC/ATP-AB/OP-P25
1604;UO-BC/ATP-AB/OP-P25/GEPLAT
1605;UO-BC/ATP-AB/OP-P31
1606;UO-BC/ATP-AB/OP-P31/GEPLAT
1607;UO-BC/ATP-AB/PCP
1608;UO-BC/ATP-AB/RES
1609;UO-BC/ATP-C-S/EEIS
1610;UO-BC/ATP-C-S/MIED
1611;UO-BC/ATP-C-S/OP-EN
1612;UO-BC/ATP-C-S/OP-EN/GEPLAT-EN
1613;UO-BC/ATP-C-S/OP-FPF-RJ-RO
1614;UO-BC/ATP-C-S/OP-P65/GEPLAT-65
1615;UO-BC/ATP-C-S/OP-P8
1616;UO-BC/ATP-C-S/OP-P8/GEPLAT-8
1617;UO-BC/ATP-C-S/PCP
1618;UO-BC/ATP-C-S/RES
1619;UO-BC/ATP-C/EEIS
1620;UO-BC/ATP-C/MIED
1621;UO-BC/ATP-C/MIEE
1622;UO-BC/ATP-C/OP-CH2/GEPLAT-2
1623;UO-BC/ATP-C/OP-PM/GEPLAT-PM
1624;UO-BC/ATP-C/RES
1625;UO-BC/ATP-MRL/EEIS
1626;UO-BC/ATP-MRL/MIED
1627;UO-BC/ATP-MRL/MIEE
1628;UO-BC/ATP-MRL/OP-P18/GEPLAT
1629;UO-BC/ATP-MRL/OP-P19/GEPLAT
1630;UO-BC/ATP-MRL/OP-P20/GEPLAT-20
1631;UO-BC/ATP-MRL/OP-P26/GEPLAT
1632;UO-BC/ATP-MRL/OP-P32-P47/GEPLAT-32
1633;UO-BC/ATP-MRL/OP-P32-P47/GEPLAT-47
1634;UO-BC/ATP-MRL/OP-P33/GEPLAT
1635;UO-BC/ATP-MRL/OP-P35/GEPLAT
1636;UO-BC/ATP-MRL/OP-P37/GEPLAT
1637;UO-BC/ATP-MRL/RES
1638;UO-BC/ATP-N/MIED
1639;UO-BC/ATP-N/OP-CH1/GEPLAT-1
1640;UO-BC/ATP-N/OP-CH2/GEPLAT-2
1641;UO-BC/ATP-N/OP-CRP-VM/GEPLAT-CRP2
1642;UO-BC/ATP-N/OP-CRP-VM/GEPLAT-VM2
1643;UO-BC/ATP-N/OP-CRP-VM/GEPLAT-VM3
1644;UO-BC/ATP-N/OP-GP/GEPLAT-GP
1645;UO-BC/ATP-N/OP-NA/GEPLAT-1
1646;UO-BC/ATP-N/OP-NA/GEPLAT-2
1647;UO-BC/ATP-N/OP-P43
1648;UO-BC/ATP-N/OP-P43/GEPLAT
1649;UO-BC/ATP-N/OP-P48
1650;UO-BC/ATP-N/OP-P48/GEPLAT
1651;UO-BC/ATP-N/OP-PG/GEPLAT-PG
1652;UO-BC/ATP-N/OP-PM/GEPLAT-PM
1653;UO-BC/ATP-N/PCP
1654;UO-BC/ATP-N/RES
1655;UO-BC/ATP-NE/EEIS
1656;UO-BC/ATP-NE/MIED
1657;UO-BC/ATP-NE/OP-CRP-VM
1658;UO-BC/ATP-NE/OP-CRP-VM/GEPLAT-VM3
1659;UO-BC/ATP-NE/OP-GP/GEPLAT-GP
1660;UO-BC/ATP-NE/OP-P61-P63
1661;UO-BC/ATP-NE/OP-P61-P63/GEPLAT-P-61
1662;UO-BC/ATP-NE/OP-P61-P63/GEPLAT-P-63
1663;UO-BC/ATP-NE/PCP
1664;UO-BC/ATP-NE/RES
1665;UO-BC/ATP-S
1666;UO-BC/ATP-S/MIED
1667;UO-BC/ATP-S/OP-P61-P63/GEPLAT-P-61
1668;UO-BC/ATP-S/OP-P61-P63/GEPLAT-P-63
1669;UO-BC/ATP-S/OP-P65/GEPLAT-65
1670;UO-BC/ATP-S/OP-P8/GEPLAT-8
1671;UO-BC/ATP-S/OP-TVD
1672;UO-BC/ATP-S/PCP
1673;UO-BC/ATP-S/RES
1674;UO-BC/DESC/MAN
1675;UO-BC/DESC/OP-P12-P27
1676;UO-BC/DESC/OP-P12-P27/GEPLAT-12
1677;UO-BC/DESC/OP-P7-P15/GEPLAT-7
1678;UO-BC/DESC/PLAN
1679;UO-BC/ENGP/AUT
1680;UO-BC/ENGP/EEDSE
1681;UO-BC/ENGP/EEE
1682;UO-BC/ENGP/EN
1683;UO-BC/ENGP/EPIM
1684;UO-BC/ENGP/ESSP
1685;UO-BC/ENGP/PMF
1686;UO-BC/PCM/GO-I
1687;UO-BC/PCM/GO-II
1688;UO-BC/PCM/PIPCM
1689;UO-BC/PCM/PPROG
1690;UO-BC/PCM/PROJM
1691;UO-BC/PG/CONF
1692;UO-BC/PG/CPGP
1693;UO-BC/PG/GDO
1694;UO-BC/PG/PLC
1695;UO-BC/PRDC
1696;UO-BC/PRDC/PIPP
1697;UO-BC/PRDC/PPP-UMS
1698;UO-BC/PRDC/PRDC-II
1699;UO-BC/RES
1700;UO-BC/RES/AR
1701;UO-BC/RES/EE
1702;UO-BC/RES/GGER
1703;UO-BC/SMS
1704;UO-BC/SMS/MA
1705;UO-BC/SMS/SAD
1706;UO-BC/SMS/SEG
1707;UO-BC/SMS/SPPO
1708;UO-BC/SOP/COI
1709;UO-BC/SOP/GPS
1710;UO-BS
1711;UO-BS/ATP-IASA
1712;UO-BS/ATP-IASA/EEIS
1713;UO-BS/ATP-IASA/MIED
1714;UO-BS/ATP-IASA/MIEE
1715;UO-BS/ATP-IASA/OP-FPSO-CCG
1716;UO-BS/ATP-IASA/OP-FPSO-CIB
1717;UO-BS/ATP-IASA/OP-FPSO-CSP
1718;UO-BS/ATP-IASA/OP-TLD
1719;UO-BS/ATP-IASA/PCP
1720;UO-BS/ATP-IASA/RES
1721;UO-BS/ATP-LULA
1722;UO-BS/ATP-LULA/EEIS
1723;UO-BS/ATP-LULA/GA-ATP-LULA
1724;UO-BS/ATP-LULA/MIED
1725;UO-BS/ATP-LULA/MIEE
1726;UO-BS/ATP-LULA/OP-FPSO-CAR
1727;UO-BS/ATP-LULA/OP-FPSO-CIG
1728;UO-BS/ATP-LULA/OP-FPSO-CMB
1729;UO-BS/ATP-LULA/OP-FPSO-CMC
1730;UO-BS/ATP-LULA/OP-FPSO-CPY
1731;UO-BS/ATP-LULA/OP-FPSO-CSQ
1732;UO-BS/ATP-LULA/OP-P66
1733;UO-BS/ATP-LULA/OP-P66/GEPLAT
1734;UO-BS/ATP-LULA/OP-P67
1735;UO-BS/ATP-LULA/OP-P67/GEPLAT
1736;UO-BS/ATP-LULA/OP-P69
1737;UO-BS/ATP-LULA/OP-P69/GEPLAT
1738;UO-BS/ATP-LULA/PCP
1739;UO-BS/ATP-LULA/RES
1740;UO-BS/ATP-PSMG
1741;UO-BS/ATP-PSMG/EEIS
1742;UO-BS/ATP-PSMG/MIED
1743;UO-BS/ATP-PSMG/MIEE
1744;UO-BS/ATP-PSMG/OP-BAN-PRA
1745;UO-BS/ATP-PSMG/OP-PMLZ
1746;UO-BS/ATP-PSMG/OP-PMLZ/GEPLAT
1747;UO-BS/ATP-PSMG/OP-PMXL
1748;UO-BS/ATP-PSMG/OP-PMXL/GEPLAT
1749;UO-BS/ATP-PSMG/OP-URG
1750;UO-BS/ATP-PSMG/PCP
1751;UO-BS/ATP-PSMG/RES
1752;UO-BS/ENGP/AUT
1753;UO-BS/ENGP/EEDSE
1754;UO-BS/ENGP/EEE
1755;UO-BS/ENGP/EN
1756;UO-BS/ENGP/EPIM
1757;UO-BS/ENGP/ESSP
1758;UO-BS/ENGP/PMF
1759;UO-BS/IPO
1760;UO-BS/IPO/PRE-OP-P68
1761;UO-BS/IPO/PRE-OP-P68/GEPLAT
1762;UO-BS/IPO/PRE-OP-P69
1763;UO-BS/IPO/PRE-OP-P69/GEPLAT
1764;UO-BS/IPO/PRE-OP-P70
1765;UO-BS/IPO/PRE-OP-P70/GEPLAT
1766;UO-BS/IPO/PRE-OP-P77
1767;UO-BS/IPO/PRE-OP-P77/GEPLAT
1768;UO-BS/IPO/PSPO
1769;UO-BS/PG
1770;UO-BS/PG/CONF
1771;UO-BS/PG/CPGP
1772;UO-BS/PG/GDO
1773;UO-BS/PG/PLC
1774;UO-BS/PG/SGP
1775;UO-BS/PRDC
1776;UO-BS/PRDC/PIPP
1777;UO-BS/PRDC/PPP-UMS
1778;UO-BS/PRDC/PRDC-I
1779;UO-BS/PRDC/PRDC-II
1780;UO-BS/RES
1781;UO-BS/RES/EE
1782;UO-BS/RES/GGER
1783;UO-BS/SMS
1784;UO-BS/SMS/MA
1785;UO-BS/SMS/SAD
1786;UO-BS/SMS/SEG
1787;UO-BS/SMS/SPPO
1788;UO-BS/SOP
1789;UO-BS/SOP/COI
1790;UO-BS/SOP/GPS
1791;UO-BS/SOP/LMG
1792;UO-BS/SOP/PIR
1793;UO-ES
1794;UO-ES/ATP-AB
1795;UO-ES/ATP-AB/EEIS
1796;UO-ES/ATP-AB/MIED
1797;UO-ES/ATP-AB/MIEE
1798;UO-ES/ATP-AB/OP-P-25
1799;UO-ES/ATP-AB/OP-P-31
1800;UO-ES/ATP-AB/OP-P-31/GEPLAT
1801;UO-ES/ATP-AB/OP-P-50
1802;UO-ES/ATP-AB/OP-P-50/GEPLAT
1803;UO-ES/ATP-AB/PCP
1804;UO-ES/ATP-AB/RES
1805;UO-ES/ATP-GLF
1806;UO-ES/ATP-GLF/MIEDE
1807;UO-ES/ATP-GLF/OP-CMR-PER-MOP
1808;UO-ES/ATP-GLF/OP-GLF
1809;UO-ES/ATP-GLF/PCP
1810;UO-ES/ATP-GLF/RESEE
1811;UO-ES/ATP-JUB-CHT/EEIS
1812;UO-ES/ATP-JUB-CHT/MIED
1813;UO-ES/ATP-JUB-CHT/MIEE
1814;UO-ES/ATP-JUB-CHT/OP-P-57/GEPLAT
1815;UO-ES/ATP-JUB-CHT/OP-P58
1816;UO-ES/ATP-JUB-CHT/OP-P58/GEPLAT
1817;UO-ES/ATP-JUB-CHT/PCP
1818;UO-ES/ATP-JUB-CHT/RES
1819;UO-ES/ENGP
1820;UO-ES/ENGP/AUT
1821;UO-ES/ENGP/EEDSE
1822;UO-ES/ENGP/EEE
1823;UO-ES/ENGP/EN
1824;UO-ES/ENGP/EPIM
1825;UO-ES/ENGP/ESSP
1826;UO-ES/ENGP/PMF
1827;UO-ES/PCM
1828;UO-ES/PCM/GO
1829;UO-ES/PCM/PIPCM
1830;UO-ES/PCM/PPROG
1831;UO-ES/PG
1832;UO-ES/PG/CONF
1833;UO-ES/PG/CPGP
1834;UO-ES/PG/GDO
1835;UO-ES/PG/PLC
1836;UO-ES/PG/SGP
1837;UO-ES/PRDC
1838;UO-ES/PRDC/DESC
1839;UO-ES/PRDC/PIPP
1840;UO-ES/PRDC/PPP-UMS
1841;UO-ES/PRDC/PRDC-I
1842;UO-ES/PRDC/PRDC-II
1843;UO-ES/RES
1844;UO-ES/RES/AR
1845;UO-ES/RES/EE
1846;UO-ES/RES/GGER
1847;UO-ES/SMS
1848;UO-ES/SMS/MA
1849;UO-ES/SMS/SAD
1850;UO-ES/SMS/SEG
1851;UO-ES/SMS/SPPO
1852;UO-ES/SOP
1853;UO-ES/SOP/COI
1854;UO-ES/SOP/GEROF
1855;UO-ES/SOP/GPS
1856;UO-ES/SOP/PIR
1857;UO-RIO
1858;UO-RIO/ATP-ABC/EEIS
1859;UO-RIO/ATP-ABC/MIED
1860;UO-RIO/ATP-ABC/OP-P43
1861;UO-RIO/ATP-ABC/OP-P43/GEPLAT
1862;UO-RIO/ATP-ABC/OP-P48/GEPLAT
1863;UO-RIO/ATP-ABC/OP-P50
1864;UO-RIO/ATP-ABC/OP-P50/GEPLAT
1865;UO-RIO/ATP-ABC/PCP
1866;UO-RIO/ATP-ABC/RES
1867;UO-RIO/ATP-BUZ
1868;UO-RIO/ATP-BUZ/EEIS
1869;UO-RIO/ATP-BUZ/MIED
1870;UO-RIO/ATP-BUZ/MIEE
1871;UO-RIO/ATP-BUZ/OP-P74
1872;UO-RIO/ATP-BUZ/OP-P74/GEPLAT
1873;UO-RIO/ATP-BUZ/OP-P75
1874;UO-RIO/ATP-BUZ/OP-P75/GEPLAT
1875;UO-RIO/ATP-BUZ/OP-P76
1876;UO-RIO/ATP-BUZ/OP-P76/GEPLAT
1877;UO-RIO/ATP-BUZ/OP-P77
1878;UO-RIO/ATP-BUZ/OP-P77/GEPLAT
1879;UO-RIO/ATP-BUZ/PCP
1880;UO-RIO/ATP-BUZ/RES
1881;UO-RIO/ATP-MLL
1882;UO-RIO/ATP-MLL/EEIS
1883;UO-RIO/ATP-MLL/MIED
1884;UO-RIO/ATP-MLL/MIEE
1885;UO-RIO/ATP-MLL/OP-P53/GEPLAT
1886;UO-RIO/ATP-MLL/OP-PRA1
1887;UO-RIO/ATP-MLL/OP-PRA1/GEPLAT
1888;UO-RIO/ATP-MLL/OP-TLD-LIBRA
1889;UO-RIO/ATP-MLL/PCP
1890;UO-RIO/ATP-MLL/RES
1891;UO-RIO/ATP-MLS/MIED
1892;UO-RIO/ATP-MLS/MIEE
1893;UO-RIO/ATP-MLS/OP-P38
1894;UO-RIO/ATP-MLS/OP-P38/GEPLAT
1895;UO-RIO/ATP-MLS/OP-P40
1896;UO-RIO/ATP-MLS/OP-P40/GEPLAT
1897;UO-RIO/ATP-MLS/OP-P51/GEPLAT
1898;UO-RIO/ATP-MLS/OP-P56/GEPLAT
1899;UO-RIO/ATP-MLS/RES
1900;UO-RIO/ATP-RO/MIED
1901;UO-RIO/ATP-RO/OP-P52
1902;UO-RIO/ATP-RO/OP-P52/GEPLAT
1903;UO-RIO/ATP-RO/OP-P54
1904;UO-RIO/ATP-RO/OP-P54/GEPLAT
1905;UO-RIO/ATP-RO/OP-P55
1906;UO-RIO/ATP-RO/OP-P55/GEPLAT
1907;UO-RIO/ATP-RO/OP-P62
1908;UO-RIO/ATP-RO/OP-P62/GEPLAT
1909;UO-RIO/ATP-RO/PCP
1910;UO-RIO/ATP-RO/RES
1911;UO-RIO/ENGP
1912;UO-RIO/ENGP/AUT
1913;UO-RIO/ENGP/EEDSE
1914;UO-RIO/ENGP/EEE
1915;UO-RIO/ENGP/EN
1916;UO-RIO/ENGP/EPIM
1917;UO-RIO/ENGP/ESSP
1918;UO-RIO/ENGP/PMF
1919;UO-RIO/PCM/CM-II
1920;UO-RIO/PCM/GO-I
1921;UO-RIO/PCM/GO-II
1922;UO-RIO/PCM/PIPCM
1923;UO-RIO/PCM/PPROG
1924;UO-RIO/PCM/PROJM
1925;UO-RIO/PG/CPGP
1926;UO-RIO/PG/PLC
1927;UO-RIO/PG/SGP
1928;UO-RIO/PRDC
1929;UO-RIO/RES
1930;UO-RIO/RES/AR
1931;UO-RIO/RES/EE
1932;UO-RIO/RES/GGER
1933;UO-RIO/SMS
1934;UO-RIO/SMS/MA
1935;UO-RIO/SMS/SAD
1936;UO-RIO/SMS/SEG
1937;UO-RIO/SMS/SPPO
1938;UO-RIO/SOP
1939;UO-RIO/SOP/COI
1940;UO-RIO/SOP/GPS
1941;UO-RIO/SOP/PIR
1942;UO-RNCE
1943;UO-RNCE/AIG
1944;UO-RNCE/AIG/MA
1945;UO-RNCE/AIG/OPRF
1946;UO-RNCE/ATP-ARG
1947;UO-RNCE/ATP-ARG/MI
1948;UO-RNCE/ATP-ARG/MI-RN-MAR
1949;UO-RNCE/ATP-ARG/OP-ARG
1950;UO-RNCE/ATP-ARG/OP-ET
1951;UO-RNCE/ATP-ARG/OP-RN-M
1952;UO-RNCE/ATP-ARG/STCP
1953;UO-RNCE/ATP-MO
1954;UO-RNCE/ATP-MO/CM
1955;UO-RNCE/ATP-MO/MI
1956;UO-RNCE/ATP-MO/MI-CE-MAR
1957;UO-RNCE/ATP-MO/OP-CAM
1958;UO-RNCE/ATP-MO/OP-CE-M
1959;UO-RNCE/ATP-MO/OP-RFQ
1960;UO-RNCE/ATP-MO/STCP
1961;UO-RNCE/PG
1962;UO-RNCE/PROJ
1963;UO-RNCE/PROJ/CM-ARGRN
1964;UO-RNCE/PROJ/CM-MOCE
1965;UO-RNCE/PROJ/EPAD
1966;UO-RNCE/PROJ/GPPI
1967;UO-RNCE/RES
1968;UO-RNCE/RES/ER
1969;UO-RNCE/RES/GR
1970;UO-RNCE/SMS
1971;UO-RNCE/SMS/SEG
1972;UO-RNCE/SOP/GTR
1973;UO-RNCE/SOP/LABF
1974;UO-RNCE/SOP/OM
1975;UO-RNCE/SOP/SG
1976;UO-RNCE/SOP/TC
1977;UO-SEAL
1978;UO-SEAL/ATP-ALSM
1979;UO-SEAL/ATP-ALSM/MI-AL
1980;UO-SEAL/ATP-ALSM/MI-SM
1981;UO-SEAL/ATP-ALSM/OP-AL
1982;UO-SEAL/ATP-ALSM/OP-SM
1983;UO-SEAL/ATP-ALSM/OPF-AL
1984;UO-SEAL/ATP-ALSM/OPF-SM
1985;UO-SEAL/ATP-ALSM/STCP
1986;UO-SEAL/ATP-ST
1987;UO-SEAL/ATP-ST/MI
1988;UO-SEAL/ATP-ST/OP-CP
1989;UO-SEAL/ATP-ST/OP-SR
1990;UO-SEAL/ATP-ST/STCP
1991;UO-SEAL/PG
1992;UO-SEAL/PROJ/CMALSM
1993;UO-SEAL/PROJ/CMST
1994;UO-SEAL/PROJ/EPAD
1995;UO-SEAL/PROJ/GPPI
1996;UO-SEAL/RES
1997;UO-SEAL/RES/ER
1998;UO-SEAL/RES/GR
1999;UO-SEAL/SMS
2000;UO-SEAL/SMS/SEG
2001;UO-SEAL/SOP
2002;UO-SEAL/SOP/LABF
2003;UO-SEAL/SOP/OM
2004;UO-SEAL/SOP/SG
2005;UO-SEAL/SOP/TC
